Date,Time,Compliant,Compliance %,Missing Items,Present Items
2025-11-02,00:50:24,No,25.0%,"Safety Vest, Safety Gloves, Safety Glasses",Hard Hat
2025-11-02,00:50:25,No,25.0%,"Safety Vest, Safety Gloves, Safety Glasses",Hard Hat
2025-11-02,00:50:26,No,25.0%,"Safety Vest, Safety Gloves, Safety Glasses",Hard Hat
2025-11-02,00:50:27,No,25.0%,"Safety Vest, Safety Gloves, Safety Glasses",Hard Hat
2025-11-02,00:50:27,No,25.0%,"Safety Vest, Safety Gloves, Safety Glasses",Hard Hat
2025-11-02,00:50:28,No,25.0%,"Safety Vest, Safety Gloves, Safety Glasses",Hard Hat
2025-11-02,00:50:29,No,25.0%,"Safety Vest, Safety Gloves, Safety Glasses",Hard Hat
2025-11-02,00:50:30,No,25.0%,"Safety Vest, Safety Gloves, Safety Glasses",Hard Hat
2025-11-02,00:50:31,No,25.0%,"Safety Vest, Safety Gloves, Safety Glasses",Hard Hat
2025-11-02,00:50:31,No,25.0%,"Safety Vest, Safety Gloves, Safety Glasses",Hard Hat
2025-11-02,00:50:32,No,25.0%,"Safety Vest, Safety Gloves, Safety Glasses",Hard Hat
2025-11-02,00:50:33,No,25.0%,"Safety Vest, Safety Gloves, Safety Glasses",Hard Hat
2025-11-02,00:50:34,No,25.0%,"Safety Vest, Safety Gloves, Safety Glasses",Hard Hat
2025-11-02,00:50:35,No,25.0%,"Safety Vest, Safety Gloves, Safety Glasses",Hard Hat
2025-11-02,00:50:35,No,25.0%,"Safety Vest, Safety Gloves, Safety Glasses",Hard Hat
2025-11-02,00:50:36,No,25.0%,"Safety Vest, Safety Gloves, Safety Glasses",Hard Hat
2025-11-02,00:50:37,No,25.0%,"Safety Vest, Safety Gloves, Safety Glasses",Hard Hat
2025-11-02,00:50:38,No,25.0%,"Safety Vest, Safety Gloves, Safety Glasses",Hard Hat
2025-11-02,00:50:38,No,25.0%,"Safety Vest, Safety Gloves, Safety Glasses",Hard Hat
2025-11-02,00:50:39,No,25.0%,"Safety Vest, Safety Gloves, Safety Glasses",Hard Hat
2025-11-02,00:50:40,No,25.0%,"Safety Vest, Safety Gloves, Safety Glasses",Hard Hat
2025-11-02,00:50:41,No,25.0%,"Safety Vest, Safety Gloves, Safety Glasses",Hard Hat
2025-11-02,00:50:41,No,25.0%,"Safety Vest, Safety Gloves, Safety Glasses",Hard Hat
2025-11-02,00:50:42,No,25.0%,"Safety Vest, Safety Gloves, Safety Glasses",Hard Hat
2025-11-02,00:50:43,No,25.0%,"Safety Vest, Safety Gloves, Safety Glasses",Hard Hat
2025-11-02,00:50:44,No,25.0%,"Safety Vest, Safety Gloves, Safety Glasses",Hard Hat
2025-11-02,00:50:44,No,25.0%,"Safety Vest, Safety Gloves, Safety Glasses",Hard Hat
2025-11-02,00:50:45,No,25.0%,"Safety Vest, Safety Gloves, Safety Glasses",Hard Hat
2025-11-02,00:50:46,No,25.0%,"Safety Vest, Safety Gloves, Safety Glasses",Hard Hat
2025-11-02,00:50:47,No,25.0%,"Safety Vest, Safety Gloves, Safety Glasses",Hard Hat
2025-11-02,00:50:47,No,25.0%,"Safety Vest, Safety Gloves, Safety Glasses",Hard Hat
2025-11-02,00:50:48,No,25.0%,"Safety Vest, Safety Gloves, Safety Glasses",Hard Hat
2025-11-02,00:50:49,No,25.0%,"Safety Vest, Safety Gloves, Safety Glasses",Hard Hat
2025-11-02,00:50:50,No,25.0%,"Safety Vest, Safety Gloves, Safety Glasses",Hard Hat
2025-11-02,00:50:51,No,25.0%,"Safety Vest, Safety Gloves, Safety Glasses",Hard Hat
2025-11-02,00:50:51,No,25.0%,"Safety Vest, Safety Gloves, Safety Glasses",Hard Hat
2025-11-02,00:50:52,No,25.0%,"Safety Vest, Safety Gloves, Safety Glasses",Hard Hat
2025-11-02,00:50:53,No,25.0%,"Safety Vest, Safety Gloves, Safety Glasses",Hard Hat
2025-11-02,00:50:54,No,25.0%,"Safety Vest, Safety Gloves, Safety Glasses",Hard Hat
2025-11-02,00:50:54,No,25.0%,"Safety Vest, Safety Gloves, Safety Glasses",Hard Hat
2025-11-02,00:50:55,No,25.0%,"Safety Vest, Safety Gloves, Safety Glasses",Hard Hat
2025-11-02,00:50:56,No,25.0%,"Safety Vest, Safety Gloves, Safety Glasses",Hard Hat
2025-11-02,00:50:57,No,25.0%,"Safety Vest, Safety Gloves, Safety Glasses",Hard Hat
2025-11-02,00:50:58,No,25.0%,"Safety Vest, Safety Gloves, Safety Glasses",Hard Hat
2025-11-02,00:50:58,No,25.0%,"Safety Vest, Safety Gloves, Safety Glasses",Hard Hat
2025-11-02,00:50:59,No,25.0%,"Safety Vest, Safety Gloves, Safety Glasses",Hard Hat
2025-11-02,00:51:00,No,25.0%,"Safety Vest, Safety Gloves, Safety Glasses",Hard Hat
2025-11-02,00:51:01,No,25.0%,"Safety Vest, Safety Gloves, Safety Glasses",Hard Hat
2025-11-02,00:51:01,No,25.0%,"Safety Vest, Safety Gloves, Safety Glasses",Hard Hat
2025-11-02,00:51:02,No,25.0%,"Safety Vest, Safety Gloves, Safety Glasses",Hard Hat
2025-11-02,00:51:03,No,25.0%,"Safety Vest, Safety Gloves, Safety Glasses",Hard Hat
2025-11-02,00:51:04,No,25.0%,"Safety Vest, Safety Gloves, Safety Glasses",Hard Hat
2025-11-02,00:51:04,No,25.0%,"Safety Vest, Safety Gloves, Safety Glasses",Hard Hat
2025-11-02,00:51:05,No,25.0%,"Safety Vest, Safety Gloves, Safety Glasses",Hard Hat
2025-11-02,00:51:06,No,25.0%,"Safety Vest, Safety Gloves, Safety Glasses",Hard Hat
2025-11-02,00:51:07,No,25.0%,"Safety Vest, Safety Gloves, Safety Glasses",Hard Hat
2025-11-02,00:51:08,No,25.0%,"Safety Vest, Safety Gloves, Safety Glasses",Hard Hat
2025-11-02,00:51:08,No,25.0%,"Safety Vest, Safety Gloves, Safety Glasses",Hard Hat
2025-11-02,00:51:09,No,25.0%,"Safety Vest, Safety Gloves, Safety Glasses",Hard Hat
2025-11-02,00:51:10,No,25.0%,"Safety Vest, Safety Gloves, Safety Glasses",Hard Hat
2025-11-02,00:51:11,No,25.0%,"Safety Vest, Safety Gloves, Safety Glasses",Hard Hat
2025-11-02,00:51:11,No,25.0%,"Safety Vest, Safety Gloves, Safety Glasses",Hard Hat
2025-11-02,00:51:12,No,25.0%,"Safety Vest, Safety Gloves, Safety Glasses",Hard Hat
2025-11-02,00:51:13,No,25.0%,"Safety Vest, Safety Gloves, Safety Glasses",Hard Hat
2025-11-02,00:51:14,No,25.0%,"Safety Vest, Safety Gloves, Safety Glasses",Hard Hat
2025-11-02,00:51:15,No,25.0%,"Safety Vest, Safety Gloves, Safety Glasses",Hard Hat
2025-11-02,00:51:15,No,25.0%,"Safety Vest, Safety Gloves, Safety Glasses",Hard Hat
2025-11-02,00:51:16,No,25.0%,"Safety Vest, Safety Gloves, Safety Glasses",Hard Hat
2025-11-02,00:51:17,No,25.0%,"Safety Vest, Safety Gloves, Safety Glasses",Hard Hat
2025-11-02,00:51:18,No,25.0%,"Safety Vest, Safety Gloves, Safety Glasses",Hard Hat
2025-11-02,00:51:18,No,25.0%,"Safety Vest, Safety Gloves, Safety Glasses",Hard Hat
2025-11-02,00:51:19,No,25.0%,"Safety Vest, Safety Gloves, Safety Glasses",Hard Hat
2025-11-02,00:51:20,No,25.0%,"Safety Vest, Safety Gloves, Safety Glasses",Hard Hat
2025-11-02,00:51:21,No,25.0%,"Safety Vest, Safety Gloves, Safety Glasses",Hard Hat
2025-11-02,00:51:22,No,25.0%,"Safety Vest, Safety Gloves, Safety Glasses",Hard Hat
2025-11-02,00:51:22,No,25.0%,"Safety Vest, Safety Gloves, Safety Glasses",Hard Hat
